{
  "name": "flying-tokens",
  "id": "flying-tokens",
  "title": "Flying Tokens",
  "description": "Flying Tokens works with Token Magic FX API to add shadow and movement that simulates the flight.",
  "version": "This is auto replaced",
  "library": "false",
  "manifestPlusVersion": "This is auto replaced",
  "minimumCoreVersion": "9",
  "compatibleCoreVersion": "10",
  "compatibility": {
    "minimum": "9",
    "verified": "10"
  },
  "authors": [
    {
      "name": "winterwulf",
      "url": "https://github.com/paulo-roger/",
      "discord": "winterwulf#3118",
      "ko-fi": "winterwulf",
      "twitter": "@odragaoverde"
    }
  ],
  "relationships": {
    "systems": [],
    "requires": [
      {
        "id": "tokenmagic",
        "type": "module",
        "compatibility": {}
      }
    ]
  },
  "esmodules": [
    "scripts/flying-tokens.js"
  ],
  "scripts": [
    "scripts/lib/lib.js"
  ],
  "styles": [
    "styles/flying-tokens.css"
  ],
  "languages": [
    {
      "lang": "en",
      "name": "English",
      "path": "languages/en.json"
    }
  ],
  "url": "https://github.com/pabloportilladelvalle/flying-tokens-1",
  "manifest": "https://github.com/pabloportilladelvalle/flying-tokens-1/releases/latest/download/module.json",
  "download": "https://github.com/pabloportilladelvalle/flying-tokens-1/releases/latest/download/flying-tokens.zip",
  "license": "https://github.com/pabloportilladelvalle/flying-tokens-1/blob/master/LICENSE",
  "readme": "https://github.com/pabloportilladelvalle/flying-tokens-1/blob/master/README.md",
  "changelog": "https://github.com/pabloportilladelvalle/flying-tokens-1/blob/master/CHANGELOG.md",
  "bugs": "https://github.com/pabloportilladelvalle/flying-tokens-1/issues",
  "media": [
    {
      "type": "icon",
      "url": "https://raw.githubusercontent.com/pabloportilladelvalle/flying-tokens-1/master/readme/icon.png"
    },
    {
      "type": "cover",
      "url": "https://raw.githubusercontent.com/pabloportilladelvalle/flying-tokens-1/master/readme/cover.png"
    }
  ]
}
